{
    "packages": [
        {
            "name": "stephenhill/base58",
            "version": "v1.1.5",
            "version_normalized": "1.1.5.0",
            "source": {
                "type": "git",
                "url": "https://github.com/stephen-hill/base58php.git",
                "reference": "bd9fc19c788160a2f85ba0a19cd800eaf5ba5e99"
            },
            "dist": {
                "type": "zip",
                "url": "https://api.github.com/repos/stephen-hill/base58php/zipball/bd9fc19c788160a2f85ba0a19cd800eaf5ba5e99",
                "reference": "bd9fc19c788160a2f85ba0a19cd800eaf5ba5e99",
                "shasum": ""
            },
            "require-dev": {
                "athletic/athletic": "~0.1",
                "phpunit/phpunit": "4.*"
            },
            "time": "2019-08-22T16:51:59+00:00",
            "type": "library",
            "installation-source": "dist",
            "autoload": {
                "psr-4": {
                    "StephenHill\\": "src/",
                    "StephenHill\\Benchmarks\\": "benchmarks/"
                }
            },
            "notification-url": "https://packagist.org/downloads/",
            "license": [
                "MIT"
            ],
            "authors": [
                {
                    "name": "Stephen Hill",
                    "email": "stephen@gatekiller.co.uk"
                }
            ],
            "description": "Base58 Encoding and Decoding Library for PHP",
            "support": {
                "issues": "https://github.com/stephen-hill/base58php/issues",
                "source": "https://github.com/stephen-hill/base58php/tree/v1.1.5"
            },
            "install-path": "../stephenhill/base58"
        }
    ],
    "dev": true,
    "dev-package-names": []
}
